{
  "ext/controller/AuditLog-dbg.js": 1720157956803,
  "Component.js": 1720072386979,
  "ext/controller/ObjectPage.controller.js": 1720074361475,
  "ext/controller/AuditLog.js": 1720157956803,
  "manifest.json": 1720158064667,
  "ext/controller/Submit.js": 1720077930923,
  "ext/controller/Submit-dbg.js": 1720077930923,
  "ext/controller/Submit.js.map": 1720158064864,
  "ext/controller/ObjectPage-dbg.controller.js": 1720074361475,
  "ext/controller/ObjectPage.controller.js.map": 1720158064859,
  "i18n/i18n.properties": 1720072398655,
  "ext/controller/AuditLog.js.map": 1720158064865,
  "Component-dbg.js": 1720072386979,
  "Component.js.map": 1720158064858,
  "Component-preload.js": 1720158065103,
  "Component-preload.js.map": 1720158065103,
  "index.html": 1720072386991
}