{
  "ext/controller/Submit.js.map": 1720158056521,
  "ext/controller/Submit.js": 1719990312669,
  "ext/controller/ObjectPage.controller.js": 1720001272817,
  "manifest.json": 1720158056300,
  "Component.js": 1719987902841,
  "Component-dbg.js": 1719987902841,
  "Component.js.map": 1720158056522,
  "ext/controller/ObjectPage-dbg.controller.js": 1720001272817,
  "ext/controller/ObjectPage.controller.js.map": 1720158056534,
  "ext/controller/Submit-dbg.js": 1719990312669,
  "i18n/i18n.properties": 1719987915865,
  "Component-preload.js": 1720158056802,
  "Component-preload.js.map": 1720158056802,
  "index.html": 1719987902841
}