{
  "ext/controller/Liabilityobj-dbg.controller.js": 1720706297357,
  "ext/controller/Submit.js": 1720077930923,
  "ext/fragment/ExtensionReq.js": 1720594644675,
  "ext/fragment/AttachmentsComp.js": 1720594676482,
  "ext/fragment/Attachaments.js": 1720762721354,
  "ext/fragment/Insuranceattachments.js": 1720602082648,
  "ext/controller/Propertyobj.controller.js": 1720606514707,
  "ext/controller/ObjectPage.controller.js": 1720719548752,
  "ext/controller/Liabilityobj.controller.js": 1720706297357,
  "ext/controller/Employeeobj.controller.js": 1720760267123,
  "ext/controller/Auditlogs.js": 1720679184689,
  "manifest.json": 1720762769872,
  "Component.js": 1720072386979,
  "ext/controller/Submit-dbg.js": 1720077930923,
  "ext/controller/Submit.js.map": 1720762770075,
  "ext/fragment/ExtensionReq-dbg.js": 1720594644675,
  "ext/fragment/ExtensionReq.js.map": 1720762770049,
  "ext/fragment/AttachmentsComp-dbg.js": 1720594676482,
  "ext/fragment/AttachmentsComp.js.map": 1720762770074,
  "ext/fragment/Attachaments-dbg.js": 1720762721354,
  "ext/fragment/Attachaments.js.map": 1720762770120,
  "ext/fragment/Insuranceattachments-dbg.js": 1720602082648,
  "ext/fragment/Insuranceattachments.js.map": 1720762770095,
  "ext/controller/Propertyobj-dbg.controller.js": 1720606514707,
  "ext/controller/Propertyobj.controller.js.map": 1720762770091,
  "ext/controller/ObjectPage-dbg.controller.js": 1720719548752,
  "ext/controller/ObjectPage.controller.js.map": 1720762770098,
  "i18n/i18n.properties": 1720072398655,
  "ext/controller/Liabilityobj.controller.js.map": 1720762770105,
  "ext/controller/Employeeobj-dbg.controller.js": 1720760267123,
  "ext/controller/Employeeobj.controller.js.map": 1720762770107,
  "ext/controller/Auditlogs-dbg.js": 1720679184689,
  "ext/controller/Auditlogs.js.map": 1720762770113,
  "Component-dbg.js": 1720072386979,
  "Component.js.map": 1720762770107,
  "Component-preload.js": 1720762770390,
  "Component-preload.js.map": 1720762770390,
  "ext/fragment/Insuranceattachments.fragment.xml": 1720601736874,
  "ext/fragment/ExtensionReq.fragment.xml": 1720594580701,
  "ext/fragment/AttachmentsComp.fragment.xml": 1720594725704,
  "ext/fragment/Attachaments.fragment.xml": 1720586126035,
  "index.html": 1720072386991
}