{
  "ext/fragment/Liabilityattachments.js.map": 1721844048615,
  "ext/fragment/Liabilityattachments.js": 1721813052106,
  "ext/fragment/PropertyAttachments.js": 1721815986785,
  "ext/fragment/ExtensionReq.js": 1720594644675,
  "ext/fragment/Employeeattachments.js": 1721816013993,
  "ext/fragment/AttachmentsComp.js": 1721816242972,
  "ext/fragment/Attachaments.js": 1721842478832,
  "ext/controller/Submit.js": 1721640666730,
  "ext/controller/Propertyobj.controller.js": 1721804595047,
  "ext/controller/ObjectPage.controller.js": 1721640606545,
  "ext/controller/MasterObjectPAgeController.controller.js": 1721640568161,
  "ext/controller/ListC.controller.js": 1721022168670,
  "ext/controller/Liabilityobj.controller.js": 1721800029537,
  "ext/controller/InsuranceAuditLogs.js": 1721021643625,
  "ext/controller/Employeeobj.controller.js": 1721803755151,
  "ext/controller/Complianceobj.controller.js": 1721816413678,
  "ext/controller/ComplianceAuditLogs.js": 1721021636377,
  "ext/controller/Auditlogs.js": 1720781807962,
  "manifest.json": 1721844048384,
  "Component.js": 1720072386979,
  "ext/controller/MasterObjectPAgeController-dbg.controller.js": 1721640568161,
  "ext/controller/MasterObjectPAgeController.controller.js.map": 1721844048568,
  "ext/fragment/PropertyAttachments-dbg.js": 1721815986785,
  "ext/fragment/PropertyAttachments.js.map": 1721844048552,
  "ext/fragment/ExtensionReq-dbg.js": 1720594644675,
  "ext/fragment/ExtensionReq.js.map": 1721844048546,
  "ext/fragment/Employeeattachments-dbg.js": 1721816013993,
  "ext/fragment/Employeeattachments.js.map": 1721844048552,
  "ext/fragment/AttachmentsComp-dbg.js": 1721816242972,
  "ext/fragment/AttachmentsComp.js.map": 1721844048557,
  "ext/fragment/Attachaments-dbg.js": 1721842478832,
  "ext/fragment/Attachaments.js.map": 1721844048613,
  "ext/controller/Submit-dbg.js": 1721640666730,
  "ext/controller/Submit.js.map": 1721844048559,
  "ext/controller/Propertyobj-dbg.controller.js": 1721804595047,
  "ext/controller/Propertyobj.controller.js.map": 1721844048608,
  "ext/controller/ObjectPage-dbg.controller.js": 1721640606545,
  "ext/controller/ObjectPage.controller.js.map": 1721844048616,
  "ext/fragment/Liabilityattachments-dbg.js": 1721813052106,
  "i18n/i18n.properties": 1720072398655,
  "ext/controller/ListC-dbg.controller.js": 1721022168670,
  "ext/controller/ListC.controller.js.map": 1721844048615,
  "ext/controller/Liabilityobj-dbg.controller.js": 1721800029537,
  "ext/controller/Liabilityobj.controller.js.map": 1721844048625,
  "ext/controller/InsuranceAuditLogs-dbg.js": 1721021643625,
  "ext/controller/InsuranceAuditLogs.js.map": 1721844048623,
  "ext/controller/Employeeobj-dbg.controller.js": 1721803755151,
  "ext/controller/Employeeobj.controller.js.map": 1721844048627,
  "ext/controller/Complianceobj-dbg.controller.js": 1721816413678,
  "ext/controller/Complianceobj.controller.js.map": 1721844048622,
  "ext/controller/ComplianceAuditLogs-dbg.js": 1721021636377,
  "ext/controller/ComplianceAuditLogs.js.map": 1721844048628,
  "ext/controller/Auditlogs-dbg.js": 1720781807962,
  "ext/controller/Auditlogs.js.map": 1721844048631,
  "Component-dbg.js": 1720072386979,
  "Component.js.map": 1721844048626,
  "Component-preload.js": 1721844048869,
  "Component-preload.js.map": 1721844048870,
  "ext/fragment/PropertyAttachments.fragment.xml": 1721804383745,
  "ext/fragment/Liabilityattachments.fragment.xml": 1721800038838,
  "ext/fragment/ExtensionReq.fragment.xml": 1720594580701,
  "ext/fragment/Employeeattachments.fragment.xml": 1721802833327,
  "ext/fragment/AttachmentsComp.fragment.xml": 1721815628957,
  "ext/fragment/Attachaments.fragment.xml": 1721124322968,
  "index.html": 1720072386991
}